[{"term":"ADC","url":"include_adc.h.html"},{"term":"Application Entry Point","url":"include_app.h.html"},{"term":"BasicInterpreter","url":"apps_basic_basic.c.html"},{"term":"BuildSystem","url":"doc-src_buildsystem.mdown.html"},{"term":"CC Tiny Loader","url":"cctl_README.markdown.html"},{"term":"Clock","url":"include_clock.h.html"},{"term":"Config","url":"include_config.h.html"},{"term":"Console","url":"include_cons.h.html"},{"term":"CoordApp","url":"apps_coordapp_coordapp.c.html"},{"term":"Encrypted Packets","url":"include_pkt.h.html"},{"term":"Ethernet","url":"include_ether.h.html"},{"term":"Firmware Developer Guide","url":"doc-src_toc.mdown.html"},{"term":"I2C","url":"include_i2c.h.html"},{"term":"Interrupt Vectors","url":"include_interrupts.h.html"},{"term":"IP Networking","url":"include_net.h.html"},{"term":"itoa","url":"include_itoa.h.html"},{"term":"LED","url":"include_led.h.html"},{"term":"Nodepp","url":"apps_nodeapp_nodeapp.c.html"},{"term":"Pachube","url":"include_pb.h.html"},{"term":"Packet Radio","url":"include_radio.h.html"},{"term":"PbHub","url":"apps_pbhub_pbhub.c.html"},{"term":"PbLed","url":"apps_pbled_pbled.c.html"},{"term":"PbNode","url":"apps_pbnode_pbnode.c.html"},{"term":"PWM","url":"include_pwm.h.html"},{"term":"Radio MAC","url":"include_mac.h.html"},{"term":"Random","url":"include_random.h.html"},{"term":"SenseMote","url":"README.markdown.html"},{"term":"Shell","url":"include_shell.h.html"},{"term":"Sleep","url":"include_sleep.h.html"},{"term":"SniffApp","url":"apps_sniffapp_sniffapp.c.html"},{"term":"SPI","url":"include_spi.h.html"},{"term":"System timer","url":"include_timer.h.html"},{"term":"TCP","url":"include_tcp.h.html"},{"term":"Watchdog","url":"include_watchdog.h.html"}]